,,,,,,,Games,Games,Receiving,Receiving,Receiving,Receiving,Receiving,Receiving,Receiving,Receiving,Receiving,Receiving,Receiving,Receiving,Receiving
Rk,Player,From,To,Draft,Tm,Lg,G,GS,Tgt,Rec,Yds,Y/R,TD,Y/G,Ctch%,Y/Tgt,Rec-Normalized,Yds-Normalized,TD-Normalized,Ctch%-Normalized,Y/Tgt-Normalized
1,Jerry Rice*,1985,2004,1-16,TOT,NFL,303,284,1640,1549,22895,14.78,197,75.6,,,1.0,1.0,1.0,0.0005060413728721853,0.0005565041868459522
2,Larry Fitzgerald,2004,2018,1-3,CRD,NFL,234,232,2154,1303,16279,12.49,116,69.6,60.5%,7.56,0.7976973684210527,0.6116003287542562,0.5317919075144508,0.07327048235693552,6.726635642607732e-05
3,Terrell Owens*,1996,2010,3-89,TOT,NFL,219,201,1867,1078,15934,14.78,153,72.8,57.7%,8.53,0.6126644736842105,0.5913467183280497,0.7456647398843931,0.0698494637024852,0.0001414122265775489
4,Randy Moss*,1998,2012,1-21,TOT,NFL,218,193,1741,982,15292,15.57,156,70.1,56.4%,8.78,0.5337171052631579,0.5536573911001527,0.7630057803468208,0.06826113361291897,0.00016052198692586634
5,Isaac Bruce,1994,2009,2-33,TOT,NFL,223,201,1770,1024,15208,14.85,91,68.2,57.9%,8.59,0.5682565789473685,0.5487260772572502,0.3872832369942196,0.07009382217780306,0.00014599856906114512
6,Tony Gonzalez*,1997,2013,1-13,TOT,NFL,270,254,2012,1325,15127,11.42,111,56.0,65.9%,7.52,0.8157894736842105,0.54397088176588,0.5028901734104047,0.07986816119051833,6.420879477034653e-05
7,Tim Brown*,1988,2004,1-6,TOT,NFL,255,202,1643,1094,14934,13.65,100,58.6,,,0.6258223684210527,0.5326406011506399,0.4393063583815029,0.00016558031094463397,0.0001841776138198542
8,Steve Smith,2001,2016,3-74,TOT,NFL,219,198,1748,1031,14731,14.29,81,67.3,59.0%,8.43,0.5740131578947368,0.5207232593636257,0.32947976878612717,0.07143779379205142,0.00013376832243822197
9,Marvin Harrison*,1996,2008,1-19,CLT,NFL,190,188,1781,1102,14580,13.23,128,76.7,61.9%,8.19,0.6324013157894737,0.5118586356698368,0.6011560693641619,0.0749809916841607,0.00011542295250383723
10,Reggie Wayne,2001,2014,1-30,CLT,NFL,211,197,1714,1070,14345,13.41,82,68.0,62.4%,8.37,0.6060855263157895,0.49806269813314547,0.3352601156069364,0.0755918878724554,0.00012918197995462574
11,Andre Johnson,2003,2016,1-3,TOT,NFL,193,187,1739,1062,14185,13.36,70,73.5,61.1%,8.16,0.5995065789473685,0.4886697193847599,0.2658959537572254,0.07400355778288917,0.00011312978126203919
12,James Lofton*,1978,1993,1-6,TOT,NFL,233,212,143,764,14004,18.33,75,60.1,,,0.35444078947368424,0.4780439121756487,0.2947976878612717,0.005879661585264615,0.006975067872523371
13,Cris Carter*,1987,2002,4-3,TOT,NFL,234,209,1515,1101,13899,12.62,130,59.4,,,0.631578947368421,0.4718797698720207,0.6127167630057804,0.0002399600132929192,0.00019065864661180698
14,Anquan Boldin,2003,2016,2-54,TOT,NFL,202,198,1737,1076,13779,12.81,82,68.2,61.9%,7.93,0.6110197368421053,0.4648350358107315,0.3352601156069364,0.0749809916841607,9.554880174158712e-05
15,Henry Ellard,1983,1998,2-32,TOT,NFL,228,199,649,814,13777,16.93,65,60.4,,,0.39555921052631576,0.46471762357637664,0.23699421965317918,0.0008844611303546979,0.0011120384720215818
16,Torry Holt,1999,2009,1-6,TOT,NFL,173,158,1560,920,13382,14.55,74,77.4,59.0%,8.58,0.48273026315789475,0.4415287072912997,0.28901734104046245,0.07143779379205142,0.00014523417864721245
17,Andre Reed*,1985,2000,4-86,TOT,NFL,234,217,809,951,13198,13.88,87,56.4,,,0.5082236842105263,0.4307267817306563,0.36416184971098264,0.0007882914720855142,0.0007364112681510222
18,Steve Largent*,1976,1989,4-117,SEA,NFL,200,197,,819,13089,15.98,100,65.4,,,0.3996710526315789,0.42432781495831867,0.4393063583815029,1.0,1.0
19,Irving Fryar,1984,2000,1-1,TOT,NFL,255,208,998,851,12785,15.02,84,50.1,,,0.42598684210526316,0.40648115533638607,0.3468208092485549,0.0003938725436948812,0.00046861881092076713
20,Art Monk*,1980,1995,1-18,TOT,NFL,224,194,241,940,12721,13.53,68,56.8,,,0.49917763157894735,0.4027239638370318,0.2543352601156069,0.0041175408097662595,0.003524163326164261
21,Jason Witten,2003,2017,3-69,DAL,NFL,239,229,1620,1152,12448,10.81,68,52.1,71.1%,7.68,0.6735197368421053,0.38669719384759893,0.2543352601156069,0.08622148154878323,7.64390413932697e-05
22,Brandon Marshall,2006,2018,4-119,TOT,NFL,179,158,1648,970,12351,12.73,83,69.0,58.9%,7.49,0.5238486842105263,0.3810027004813902,0.34104046242774566,0.07131561455439248,6.191562352854849e-05
23,Jimmy Smith,1992,2005,2-36,TOT,NFL,178,150,1463,862,12287,14.25,67,69.0,58.9%,8.40,0.4350328947368421,0.3772455089820359,0.24855491329479767,0.07131561455439248,0.00013147515119642394
24,Charlie Joiner*,1969,1986,4-93,TOT,TOT,239,211,,750,12146,16.19,65,50.8,,,0.34292763157894735,0.3689679464600211,0.23699421965317918,0.915696326015331,0.9279179839661467
25,Hines Ward,1998,2011,3-92,PIT,NFL,217,190,1558,1000,12083,12.08,85,55.7,64.2%,7.76,0.5485197368421053,0.3652694610778443,0.35260115606936415,0.07779111415031634,8.255416470473128e-05
26,Derrick Mason,1997,2011,4-98,TOT,NFL,230,169,1514,943,12061,12.79,66,52.4,62.3%,7.97,0.5016447368421053,0.3639779264999413,0.24277456647398843,0.07546970863479645,9.860636339731792e-05
27,Michael Irvin*,1988,1999,1-11,DAL,NFL,159,147,960,750,11904,15.87,65,74.9,,,0.34292763157894735,0.35476106610308794,0.23699421965317918,0.00030656886748693326,0.0004372313167695027
28,Antonio Gates,2003,2018,,SDG,NFL,236,190,1459,955,11841,12.40,116,50.2,65.5%,8.12,0.5115131578947368,0.3510625807209111,0.5317919075144508,0.07937944423988255,0.00011007221960630833
29,Don Maynard*,1958,1973,9-109,TOT,TOT,186,59,,633,11834,18.70,88,63.6,,,0.24671052631578946,0.3506516379006693,0.3699421965317919,0.7727466179543705,0.9040690030514466
30,Calvin Johnson,2007,2015,1-2,DET,NFL,135,130,1312,731,11619,15.89,83,86.1,55.7%,8.86,0.32730263157894735,0.33802982270752613,0.34104046242774566,0.06740587894930639,0.00016663711023732792
31,Muhsin Muhammad,1996,2009,2-43,TOT,NFL,202,188,1521,860,11438,13.30,62,56.6,56.5%,7.52,0.43338815789473684,0.3274040154984149,0.21965317919075145,0.0683833128505779,6.420879477034653e-05
32,Rod Smith,1995,2006,,DEN,NFL,183,158,1408,849,11389,13.41,68,62.2,60.3%,8.09,0.4243421052631579,0.32452741575672184,0.2543352601156069,0.07302612388161764,0.00010777904836451029
33,Keenan McCardell,1992,2007,12-326,TOT,NFL,209,168,1413,883,11373,12.88,63,54.4,62.5%,8.05,0.45230263157894735,0.3235881178818833,0.2254335260115607,0.07571406711011434,0.00010472148670877956
34,Antonio Brown,2010,2018,6-195,PIT,NFL,130,103,1275,837,11207,13.39,74,86.2,65.6%,8.79,0.4144736842105263,0.3138429024304332,0.28901734104046245,0.07950162347754149,0.00016128637733979902
35,Chad Johnson,2001,2011,2-36,TOT,NFL,166,135,1372,766,11059,14.44,67,66.6,55.8%,8.06,0.3560855263157895,0.3051543970881766,0.24855491329479767,0.06752805818696532,0.00010548587712271224
36,Joey Galloway,1995,2010,1-8,TOT,NFL,198,175,1444,701,10950,15.62,77,55.3,48.5%,7.58,0.3026315789473684,0.2987554303158389,0.3063583815028902,0.058608973837862656,6.879513725394276e-05
37,Roddy White,2005,2015,1-27,ATL,NFL,171,149,1377,808,10863,13.44,63,63.5,58.7%,7.89,0.390625,0.29364799812140424,0.2254335260115607,0.0710712560790746,9.249124008585633e-05
38,Gary Clark,1985,1995,2-55,TOT,NFL,167,119,409,699,10856,15.53,65,65.0,,,0.30098684210526316,0.2932370553011624,0.23699421965317918,0.0014401435029488187,0.0015182924195451242
39,Julio Jones,2011,2018,1-6,ATL,NFL,111,110,1095,698,10731,15.37,51,96.7,63.7%,9.80,0.3001644736842105,0.28589879065398616,0.15606936416184972,0.07718021796202162,0.00023848980914700153
40,Stanley Morgan,1977,1990,1-25,TOT,NFL,196,180,,557,10716,19.24,72,54.7,,,0.18421052631578946,0.285018198896325,0.2774566473988439,0.6798903973335756,0.818610154773771
41,Keyshawn Johnson,1996,2006,1-1,TOT,NFL,167,162,1426,814,10571,12.99,64,63.3,57.1%,7.41,0.39555921052631576,0.2765058119056006,0.23121387283236994,0.06911638827653155,5.580050021708691e-05
42,Harold Jackson,1968,1983,12-323,TOT,NFL,208,187,,579,10372,17.91,76,49.9,,,0.20230263157894737,0.264823294587296,0.30057803468208094,0.7067698296185425,0.7923151245344863
43,Santana Moss,2001,2014,1-16,TOT,NFL,197,135,1268,732,10283,14.05,66,52.2,57.7%,8.11,0.328125,0.2595984501585065,0.24277456647398843,0.0698494637024852,0.00010930782919237564
44,Lance Alworth*,1962,1972,1-8 2-9AFL,TOT,TOT,137,59,,542,10266,18.94,85,74.9,,,0.171875,0.2586004461664905,0.35260115606936415,0.6615635116847345,0.7842125861467997
45,DeSean Jackson,2008,2018,2-49,TOT,NFL,153,146,1057,589,10261,17.42,53,67.1,55.7%,9.71,0.21052631578947367,0.2583069155806035,0.1676300578034682,0.06740587894930639,0.00023161029542160728
46,Andre Rison,1989,2000,1-22,TOT,NFL,186,156,1013,743,10205,13.73,84,54.9,,,0.3371710526315789,0.25501937301866856,0.3468208092485549,0.00024818546449652755,0.00025943697389603564
47,Donald Driver,1999,2012,7-213,GNB,NFL,205,155,1234,743,10137,13.64,61,49.4,60.2%,8.21,0.3371710526315789,0.2510273570506047,0.2138728323699422,0.0729039446439587,0.00011695173333170272
48,Shannon Sharpe*,1990,2003,7-192,TOT,NFL,204,169,1197,815,10060,12.34,62,49.3,,,0.3963815789473684,0.2465069860279441,0.21965317919075145,0.00018392392993507795,0.000131807217207489
49,Eric Moulds,1996,2007,1-24,TOT,NFL,186,157,1317,764,9995,13.08,49,53.7,58.0%,7.59,0.35444078947368424,0.24269108841141246,0.14450867052023122,0.07021600141546201,6.955952766787543e-05
50,Wes Welker,2004,2015,,TOT,NFL,175,102,1275,903,9924,10.99,50,56.7,70.8%,7.78,0.46875,0.23852295409181637,0.15028901734104047,0.0858549438358064,8.40829455325967e-05
51,Drew Hill,1979,1993,12-328,TOT,NFL,211,147,157,634,9831,15.51,60,46.6,,,0.24753289473684212,0.23306328519431724,0.20809248554913296,0.004285905781924126,0.004275834438761967
52,Marques Colston,2006,2015,7-252,NOR,NFL,146,106,1099,711,9759,13.73,72,66.8,64.7%,8.88,0.31085526315789475,0.22883644475754375,0.2774566473988439,0.07840201033861104,0.0001681658910651934
53,Amani Toomer,1996,2008,2-34,NYG,NFL,190,141,1239,668,9497,14.22,54,50.0,53.9%,7.67,0.2754934210526316,0.21345544205706235,0.17341040462427745,0.06520665267144544,7.567465097933701e-05
54,Rob Moore,1990,1999,1-1,TOT,NFL,153,146,1087,628,9368,14.92,49,61.2,,,0.24259868421052633,0.20588235294117646,0.14450867052023122,5.7918101793614347e-05,0.00014815531735878234
55,Demaryius Thomas,2010,2018,1-22,TOT,NFL,132,118,1128,688,9330,13.56,62,70.7,61.0%,8.27,0.29194078947368424,0.2036515204884349,0.21965317919075145,0.07388137854523023,0.00012153807581529881
56,Raymond Berry*,1955,1967,20-232,CLT,NFL,154,140,,631,9275,14.70,68,60.2,,,0.2450657894736842,0.20042268404367736,0.2543352601156069,0.7703030332011916,0.7084614961260693
57,Herman Moore,1991,2002,1-10,TOT,NFL,146,122,1138,670,9174,13.69,62,62.8,,,0.27713815789473684,0.19449336620875896,0.21965317919075145,7.13765190716285e-05,0.0001056014088900202
58,Anthony Miller,1988,1997,1-15,TOT,NFL,155,152,733,595,9148,15.37,63,59.0,,,0.21546052631578946,0.1929670071621463,0.2254335260115607,0.00034381228278627783,0.0004433631252741743
59,Charley Taylor*,1964,1977,1-3 2-9AFL,WAS,NFL,165,156,,649,9110,14.04,79,55.2,,,0.2598684210526316,0.1907361747094047,0.3179190751445087,0.792295295979801,0.6958490542961798
60,Vincent Jackson,2005,2016,2-61,TOT,NFL,155,137,1035,540,9080,16.81,57,58.6,52.2%,8.77,0.17023026315789475,0.18897499119408243,0.1907514450867052,0.06312960563124347,0.00015975759651193366
61,Tony Martin,1990,2001,5-126,TOT,NFL,177,100,1058,593,9065,15.29,56,51.2,,,0.2138157894736842,0.18809439943642128,0.18497109826589594,3.684780703592841e-05,0.00014432095607328906
62,Harold Carmichael,1971,1984,7-161,TOT,NFL,182,160,,590,8985,15.23,79,49.4,,,0.21134868421052633,0.1833979100622285,0.3179190751445087,0.720209545761026,0.6862941741220212
63,Fred Biletnikoff*,1965,1978,3-39 2-11AFL,RAI,TOT,190,160,,589,8974,15.24,76,47.2,,,0.21052631578947367,0.18275214277327698,0.30057803468208094,0.7189877533844367,0.6854533446666952
64,Mark Clayton,1983,1993,8-223,TOT,NFL,158,142,139,582,8974,15.42,84,56.8,,,0.20476973684210525,0.18275214277327698,0.3468208092485549,0.004467749783168793,0.0044243797032282265
65,Wes Chandler,1978,1988,1-3,TOT,NFL,150,131,,559,8966,16.04,56,59.8,,,0.18585526315789475,0.1822824938358577,0.18497109826589594,0.6823339820867544,0.6848418323355491
66,Roy Green,1979,1992,4-89,TOT,NFL,190,130,13,559,8965,16.04,66,47.2,,,0.18585526315789475,0.18222378771868028,0.24277456647398843,0.05188911576662092,0.05220292613354395
67,A.J. Green,2011,2018,1-4,CIN,NFL,111,111,1026,602,8907,14.80,63,80.2,58.7%,8.68,0.22121710526315788,0.1788188329223905,0.2254335260115607,0.0710712560790746,0.0001528780827865394
68,Ricky Proehl,1990,2006,3-58,TOT,NFL,244,109,994,669,8878,13.27,54,36.4,,,0.27631578947368424,0.17711635552424562,0.17341040462427745,0.0001743565510816033,0.00017210934583646788
69,Mark Duper,1982,1992,2-52,MIA,NFL,146,136,96,511,8869,17.36,59,60.7,,,0.14638157894736842,0.17658800046964893,0.2023121387283237,0.005855542577830486,0.0065512398922107605
70,Terry Glenn,1996,2007,1-7,TOT,NFL,137,127,1087,593,8823,14.88,44,64.4,54.6%,8.12,0.2138157894736842,0.17388751907948807,0.11560693641618497,0.06606190733505804,0.00011007221960630833
71,Terance Mathis,1990,2002,6-140,TOT,NFL,206,130,1116,689,8809,12.79,63,42.8,,,0.29276315789473684,0.17306563343900436,0.2254335260115607,0.00010635804233568982,9.274877664108812e-05
72,Mark Carrier,1987,1998,3-57,TOT,NFL,177,138,604,569,8763,15.40,48,49.5,,,0.19407894736842105,0.17036515204884348,0.13872832369942195,0.0005030367227456188,0.0005983860772168365
73,Joe Horn,1996,2007,5-135,TOT,NFL,163,114,1051,603,8744,14.50,58,53.6,57.4%,8.32,0.22203947368421054,0.1692497358224727,0.19653179190751446,0.06948292598950837,0.00012536002788496236
74,John Stallworth*,1974,1987,4-82,PIT,NFL,165,144,,537,8723,16.24,63,52.9,,,0.16776315789473684,0.1680169073617471,0.2254335260115607,0.6554545498017875,0.6662671452769845
75,Johnnie Morton,1994,2005,1-21,TOT,NFL,182,156,1145,624,8719,13.97,43,47.9,54.5%,7.61,0.2393092105263158,0.16778208289303745,0.10982658959537572,0.06593972809739909,7.108830849574087e-05
76,Cliff Branch,1972,1985,4-98,RAI,NFL,183,150,,501,8685,17.34,67,47.5,,,0.13815789473684212,0.16578607490900552,0.24855491329479767,0.6114700242445689,0.6633624617040402
77,Laveranues Coles,2000,2009,3-78,TOT,NFL,153,138,1171,674,8609,12.77,49,56.3,57.6%,7.35,0.28042763157894735,0.16132441000352238,0.14450867052023122,0.06972728446482625,5.121415773349069e-05
78,Jordy Nelson,2008,2018,2-36,TOT,NFL,151,102,924,613,8587,14.01,72,56.9,66.3%,9.29,0.23026315789473684,0.16003287542561934,0.2774566473988439,0.08035687814115408,0.00019950589803643387
79,Paul Warfield*,1964,1977,1-11 4-28AFL,TOT,NFL,157,152,,427,8565,20.06,85,54.6,,,0.07730263157894737,0.15874134084771632,0.35260115606936415,0.5210573883769528,0.6541897767368479
80,Plaxico Burress,2000,2012,1-8,TOT,NFL,148,138,1104,553,8499,15.37,64,57.4,50.1%,7.70,0.18092105263157895,0.15486673711400728,0.23121387283236994,0.06056384164040571,7.796782222113512e-05
81,Billy Howton,1952,1963,2-15,TOT,NFL,142,133,,503,8459,16.82,61,59.6,,,0.13980263157894737,0.15251849242691087,0.2138728323699422,0.6139136089977477,0.6460872383491613
82,Tommy McDonald*,1957,1968,3-31,TOT,NFL,152,125,,495,8410,16.99,84,55.3,,,0.13322368421052633,0.1496418926852178,0.3468208092485549,0.6041392699850324,0.6423417253208911
83,Eddie Kennison,1996,2008,1-18,TOT,NFL,179,154,1037,548,8345,15.23,42,46.6,52.8%,8.05,0.1768092105263158,0.14582599506868615,0.10404624277456648,0.0638626810571971,0.00010472148670877956
84,Wesley Walker,1977,1989,2-33,NYJ,NFL,154,129,,438,8306,18.96,71,53.9,,,0.08634868421052631,0.14353645649876717,0.27167630057803466,0.5344971045194363,0.634392065015991
85,Greg Jennings,2006,2015,2-52,TOT,NFL,143,119,969,571,8291,14.52,64,58.0,58.9%,8.56,0.19572368421052633,0.14265586474110603,0.23121387283236994,0.07131561455439248,0.0001437053978193471
86,Carroll Dale,1960,1973,8-86,TOT,NFL,189,171,,438,8277,18.90,52,43.8,,,0.08634868421052631,0.1418339791006223,0.16184971098265896,0.5344971045194363,0.6321753328155862
87,Curtis Conway,1993,2004,1-7,TOT,NFL,167,144,1103,594,8230,13.86,52,49.3,53.9%,7.46,0.21463815789473684,0.139074791593284,0.16184971098265896,0.06520665267144544,5.962245228675038e-05
88,Ernest Givins,1986,1995,2-34,TOT,NFL,147,147,355,571,8215,14.39,49,55.9,,,0.19572368421052633,0.13819419983562287,0.14450867052023122,0.0013172363818188565,0.0012582512177062278
89,Jeff Graham,1991,2001,2-46,TOT,NFL,160,129,1022,542,8172,15.08,30,51.1,,,0.171875,0.13566983679699424,0.03468208092485549,0.0,0.00010060036030880969
90,Eric Martin,1985,1994,7-179,TOT,NFL,153,119,244,553,8161,14.76,49,53.3,,,0.18092105263157895,0.13502406950804274,0.14450867052023122,0.0021211058038254,0.0020460225182899828
91,Sterling Sharpe,1988,1994,1-7,GNB,NFL,112,112,510,595,8134,13.67,65,72.6,,,0.21546052631578946,0.13343900434425268,0.23699421965317918,0.0007774680126307669,0.00070851497347895
92,Webster Slaughter,1986,1998,2-43,TOT,NFL,162,127,468,563,8111,14.41,44,50.1,,,0.18914473684210525,0.13208876364917224,0.11560693641618497,0.0008218493596436298,0.0008141672563579383
93,T.Y. Hilton,2012,2018,3-92,CLT,NFL,108,87,878,507,8097,15.97,40,75.0,57.7%,9.22,0.14309210526315788,0.1312668780086885,0.09248554913294797,0.0698494637024852,0.0001941551651389051
94,Haven Moses,1968,1981,1-9,TOT,TOT,199,178,,448,8091,18.06,56,40.7,,,0.09457236842105263,0.13091464130562405,0.18497109826589594,0.5467150282853304,0.6179576711164381
95,Mike Wallace,2009,2018,3-84,TOT,NFL,144,124,942,538,8072,15.00,57,56.1,57.1%,8.57,0.16858552631578946,0.12979922507925326,0.1907514450867052,0.06911638827653155,0.00014446978823327977
96,Art Powell,1959,1968,11-123,TOT,TOT,117,28,,479,8046,16.80,81,68.8,,,0.12006578947368421,0.1282728660326406,0.32947976878612717,0.584590591959602,0.6145179142537409
97,Bill Brooks,1986,1996,4-86,TOT,NFL,169,132,344,583,8001,13.72,46,47.3,,,0.20559210526315788,0.12563109075965714,0.12716763005780346,0.0014226975138335054,0.0012672615354335133
98,Don Hutson*,1935,1945,,GNB,NFL,116,60,,488,7991,16.38,99,68.9,,,0.12746710526315788,0.12504402958788305,0.43352601156069365,0.5955867233489066,0.610313766977111
99,Tony Hill,1977,1986,3-62,DAL,NFL,141,112,,479,7988,16.68,51,56.7,,,0.12006578947368421,0.12486791123635083,0.15606936416184972,0.584590591959602,0.6100844498529313
100,Ozzie Newsome*,1978,1990,1-23,CLE,NFL,198,191,,662,7980,12.05,47,40.3,,,0.27055921052631576,0.12439826229893154,0.1329479768786127,0.8081785968754632,0.6094729375217851
101,Bobby Mitchell*,1958,1968,7-84,TOT,NFL,148,129,,521,7954,15.27,65,53.7,,,0.15460526315789475,0.12287190325231889,0.23699421965317918,0.635905871776357,0.6074855224455601
102,Jackie Smith*,1963,1978,10-129,TOT,NFL,210,162,,480,7918,16.50,40,37.7,,,0.12088815789473684,0.12075848303393213,0.09248554913294797,0.5858123843361913,0.6047337169554023
103,Jimmy Orr,1958,1970,25-291,TOT,NFL,149,126,,400,7914,19.79,66,53.1,,,0.055098684210526314,0.1205236585652225,0.24277456647398843,0.4880689942090389,0.6044279607898293
104,Rob Gronkowski,2010,2018,2-42,NWE,NFL,115,100,794,521,7861,15.09,79,68.4,65.6%,9.90,0.15460526315789475,0.11741223435481977,0.3179190751445087,0.07950162347754149,0.0002461337132863285
105,Pierre Garcon,2008,2018,6-205,TOT,NFL,148,131,1041,628,7854,12.51,38,53.1,60.3%,7.54,0.24259868421052633,0.1170012915345779,0.08092485549132948,0.07302612388161764,6.573757559821197e-05
106,Greg Olsen,2007,2018,1-31,TOT,NFL,174,148,1082,666,7847,11.78,57,45.1,61.6%,7.25,0.2738486842105263,0.11659034871433603,0.1907514450867052,0.07461445397118388,4.3570253594163746e-05
107,Drew Pearson,1973,1983,,DAL,NFL,156,144,,489,7822,16.00,48,50.1,,,0.12828947368421054,0.11512269578490078,0.13872832369942195,0.596808515725496,0.5973955689816485
108,Bobby Engram,1996,2009,2-52,TOT,NFL,176,113,1031,650,7751,11.92,35,44.0,63.0%,7.52,0.26069078947368424,0.11095456146530469,0.06358381502890173,0.07632496329840904,6.420879477034653e-05
109,Anthony Carter,1985,1995,12-334,TOT,NFL,140,126,201,486,7733,15.91,55,55.2,,,0.12582236842105263,0.10989785135611131,0.1791907514450867,0.0023062281256269637,0.002430198681573329
110,Chris Chambers,2001,2010,2-52,TOT,NFL,153,127,1109,540,7648,14.16,58,50.0,48.7%,6.90,0.17023026315789475,0.10490783139603146,0.19653179190751446,0.05885333231318054,1.681658910651938e-05
111,Brian Blades,1988,1998,2-49,SEA,NFL,156,122,599,581,7620,13.12,34,48.8,,,0.20394736842105263,0.10326406011506399,0.057803468208092484,0.0005371209869633461,0.00046178368999832595
112,Nat Moore,1974,1986,3-78,MIA,NFL,183,124,,510,7546,14.80,74,41.2,,,0.1455592105263158,0.09891980744393566,0.28901734104046245,0.6224661556338735,0.5762983935571061
113,Roy Jefferson,1965,1976,2-18 2-14AFL,TOT,NFL,162,144,,451,7539,16.72,52,46.5,,,0.09703947368421052,0.09850886462369379,0.16184971098265896,0.5503804054150986,0.5757633202673532
114,Gary Garrison,1966,1977,6-77,TOT,TOT,134,125,,405,7538,18.61,58,56.3,,,0.05921052631578947,0.09845015850651638,0.19653179190751446,0.4941779560919859,0.5756868812259599
115,Michael Crabtree,2009,2018,1-10,TOT,NFL,141,138,1062,633,7477,11.81,54,53.0,59.6%,7.04,0.24671052631578946,0.09486908535869437,0.17341040462427745,0.07217086921800506,2.7518054901577116e-05
116,Dez Bryant,2010,2017,1-24,DAL,NFL,113,99,909,531,7459,14.05,73,66.0,58.4%,8.21,0.16282894736842105,0.09381237524950099,0.2832369942196532,0.07070471836609778,0.00011695173333170272
117,Vernon Davis,2006,2018,1-6,TOT,NFL,194,178,909,573,7439,12.98,62,38.3,63.0%,8.18,0.19736842105263158,0.0926382529059528,0.21965317919075145,0.07632496329840904,0.00011465856208990454
118,DeAndre Hopkins,2013,2018,1-27,HTX,NFL,95,95,898,528,7437,14.09,47,78.3,58.8%,8.28,0.16036184210526316,0.09252084067159798,0.1329479768786127,0.07119343531673353,0.0001223024662292315
119,Jimmy Graham,2010,2018,3-95,TOT,NFL,137,101,949,611,7436,12.17,71,54.3,64.4%,7.84,0.22861842105263158,0.09246213455442057,0.27167630057803466,0.07803547262563422,8.866928801619286e-05
120,Ed McCaffrey,1991,2003,3-83,TOT,NFL,185,109,874,565,7422,13.14,55,40.1,,,0.19078947368421054,0.09164024891393684,0.1791907514450867,0.00014187502953848997,0.00013850684333374528
121,Bob Hayes*,1965,1975,7-88 14-105AFL,TOT,NFL,132,107,,371,7414,19.98,71,56.2,,,0.03125,0.09117059997651755,0.27167630057803466,0.4526370152879461,0.5662084400931945
122,Pete Retzlaff,1956,1966,22-265,PHI,NFL,132,118,,452,7412,16.40,47,56.2,,,0.09786184210526316,0.09105318774216273,0.1329479768786127,0.551602197791688,0.566055562010408
123,Wayne Chrebet,1995,2005,,NYJ,NFL,152,104,970,580,7365,12.70,41,48.5,59.8%,7.59,0.203125,0.08829400023482446,0.09826589595375723,0.07241522769332294,6.955952766787543e-05
124,Otis Taylor,1965,1975,15-203 4-29AFL,KAN,TOT,130,72,,410,7306,17.82,57,56.2,,,0.06332236842105263,0.08483033932135728,0.1907514450867052,0.500286917974933,0.5579530236227214
125,Boyd Dowler,1959,1971,3-25,TOT,NFL,162,150,,474,7270,15.34,40,44.9,,,0.11595394736842106,0.08271691910297053,0.09248554913294797,0.5784816300766549,0.5552012181325636
126,Antonio Freeman,1995,2003,3-90,TOT,NFL,132,91,863,477,7251,15.20,61,54.9,55.3%,8.40,0.11842105263157894,0.08160150287659974,0.2138728323699422,0.06691716199867061,0.00013147515119642394
127,T.J. Houshmandzadeh,2001,2011,7-204,TOT,NFL,146,92,983,627,7237,11.54,44,49.6,63.8%,7.36,0.24177631578947367,0.080779617236116,0.11560693641618497,0.07730239719968056,5.197854814742344e-05
128,Golden Tate,2010,2018,2-60,TOT,NFL,140,101,904,611,7214,11.81,38,51.5,67.6%,7.98,0.22861842105263158,0.07942937654103557,0.08092485549132948,0.08194520823072031,9.937075381125066e-05
129,Dwayne Bowe,2007,2015,1-23,TOT,NFL,125,112,960,537,7208,13.42,44,57.7,55.9%,7.51,0.16776315789473684,0.07907713983797111,0.11560693641618497,0.06765023742462425,6.344440435641386e-05
130,Lionel Taylor,1959,1968,,TOT,TOT,121,26,,567,7195,12.69,45,59.5,,,0.1924342105263158,0.07831396031466478,0.12138728323699421,0.6921083210994696,0.5494682900280684
131,Darrell Jackson,2000,2008,3-80,TOT,NFL,123,106,915,499,7132,14.29,51,58.0,54.5%,7.79,0.13651315789473684,0.07461547493248796,0.15606936416184972,0.06593972809739909,8.48473359465294e-05
132,Carl Pickens,1992,2000,2-31,TOT,NFL,129,117,1014,540,7129,13.20,63,55.3,53.3%,7.03,0.17023026315789475,0.07443935658095574,0.2254335260115607,0.0644735772454918,2.6753664487644436e-05
133,Ken Burrough,1970,1981,1-10,TOT,NFL,156,124,,421,7102,16.87,49,45.5,,,0.07236842105263158,0.07285429141716566,0.14450867052023122,0.5137266341174164,0.5423594591784944
134,Isaac Curtis,1973,1984,1-15,CIN,NFL,167,160,,416,7101,17.07,53,42.5,,,0.06825657894736842,0.07279558529998825,0.1676300578034682,0.5076176722344694,0.5422830201371011
135,Reggie Rucker,1970,1981,,TOT,NFL,159,140,,447,7065,15.81,44,44.4,,,0.09375,0.07068216508160151,0.11560693641618497,0.545493235908741,0.5395312146469433
136,John Gilliam,1967,1977,2-52,TOT,NFL,151,128,,382,7056,18.47,48,46.7,,,0.04029605263157895,0.07015381002700481,0.13872832369942195,0.46607673143042955,0.5388432632744039
137,Elroy Hirsch*,1946,1957,1-5,TOT,TOT,127,102,,387,7029,18.16,60,55.3,,,0.044407894736842105,0.06856874486321475,0.20809248554913296,0.47218569331337656,0.5367794091567857
138,Emmanuel Sanders,2010,2018,3-82,TOT,NFL,127,88,885,535,7024,13.13,37,55.3,60.5%,7.94,0.16611842105263158,0.0682752142773277,0.07514450867052024,0.07327048235693552,9.631319215551987e-05
139,Shawn Jefferson,1991,2003,9-240,TOT,NFL,195,130,866,470,7023,14.94,29,36.0,,,0.11266447368421052,0.06821650816015029,0.028901734104046242,1.5141052487800249e-05,0.00010928487982659937
140,Pat Tilley,1976,1986,4-114,CRD,NFL,147,124,,468,7005,14.97,37,47.7,,,0.11101973684210527,0.06715979805095691,0.07514450867052024,0.5711508758171184,0.5349448721633472
141,Jake Reed,1991,2002,3-68,TOT,NFL,155,91,848,450,6999,15.55,36,45.2,,,0.0962171052631579,0.06680756134789245,0.06936416184971098,4.003768911210283e-07,0.0001202797161244379
142,J.T. Smith,1978,1990,,TOT,NFL,169,115,,544,6974,12.82,35,41.3,,,0.17351973684210525,0.0653399084184572,0.06358381502890173,0.6640070964379133,0.5325752618801558
143,Derrick Alexander,1994,2002,1-29,TOT,NFL,126,102,803,417,6971,16.72,40,55.3,51.9%,8.68,0.06907894736842106,0.06516379006692498,0.09248554913294797,0.06276306791826664,0.0001528780827865394
144,Nate Washington,2005,2015,,TOT,NFL,159,107,873,458,6954,15.18,44,43.7,52.5%,7.97,0.10279605263157894,0.06416578607490901,0.11560693641618497,0.06349614334422028,9.860636339731792e-05
145,Gene Washington,1969,1979,1-16,TOT,NFL,140,137,,385,6856,17.81,60,49.0,,,0.04276315789473684,0.05841258659152284,0.20809248554913296,0.46974210856019777,0.52355545499575
146,Jeremy Maclin,2009,2017,1-19,TOT,NFL,114,112,839,514,6835,13.30,49,60.0,61.3%,8.15,0.14884868421052633,0.05717975813079723,0.14450867052023122,0.07424791625820705,0.00011236539084810651
147,Ahmad Rashad,1972,1982,1-4,TOT,NFL,139,131,,495,6831,13.80,44,49.1,,,0.13322368421052633,0.05694493366208759,0.11560693641618497,0.6041392699850324,0.5216444789609183
148,Charley Hennigan,1960,1966,,OTI,AFL,95,10,,410,6823,16.64,51,71.8,,,0.06332236842105263,0.05647528472466831,0.15606936416184972,0.500286917974933,0.521032966629772
149,Dwight Clark,1979,1987,10-249,SFO,NFL,134,97,,506,6750,13.34,48,50.4,,,0.14226973684210525,0.05218973817071739,0.13872832369942195,0.6175789861275159,0.5154529166080634
150,Frank Sanders,1995,2003,2-47,TOT,NFL,136,120,958,507,6749,13.31,24,49.6,52.9%,7.04,0.14309210526315788,0.05213103205353998,0.0,0.06398486029485603,2.7518054901577116e-05
151,Kellen Winslow*,1979,1987,1-13,SDG,NFL,109,94,,541,6741,12.46,45,61.8,,,0.17105263157894737,0.0516613831161207,0.12138728323699421,0.6603417193081451,0.514764965235524
152,Frank Lewis,1971,1983,1-8,TOT,NFL,155,119,,397,6724,16.94,40,43.4,,,0.05263157894736842,0.050663379124104735,0.09248554913294797,0.48440361707927065,0.5134655015318383
153,Marty Booker,1999,2009,3-78,TOT,NFL,157,117,1003,539,6703,12.44,37,42.7,53.7%,6.68,0.16940789473684212,0.049430550663379126,0.07514450867052024,0.06496229419612756,0.0
154,Cris Collinsworth,1981,1988,2-37,CIN,NFL,107,90,,417,6698,16.06,36,62.6,,,0.06907894736842106,0.04913702007749207,0.06936416184971098,0.5088394646110588,0.5114780864556133
155,Deion Branch,2002,2012,2-65,TOT,NFL,140,111,883,518,6644,12.83,39,47.5,58.7%,7.52,0.15213815789473684,0.04596688974991194,0.08670520231213873,0.0710712560790746,6.420879477034653e-05
156,Mel Gray,1971,1982,6-147,CRD,NFL,145,121,,351,6644,18.93,45,45.8,,,0.014802631578947368,0.04596688974991194,0.12138728323699421,0.42820116775615796,0.5073503782203768
157,Willie Gault,1983,1993,1-18,TOT,NFL,170,141,89,333,6635,19.92,44,39.0,,,0.0,0.04543853469531525,0.11560693641618497,0.003923468982313227,0.0051879606826428955
158,Jerricho Cotchery,2004,2015,4-108,TOT,NFL,175,89,854,524,6623,12.64,34,37.8,61.4%,7.76,0.15707236842105263,0.04473406128918633,0.057803468208092484,0.07437009549586598,8.255416470473128e-05
159,Al Toon,1985,1992,1-10,NYJ,NFL,107,95,57,517,6605,12.78,31,61.7,,,0.1513157894736842,0.043677351179992954,0.04046242774566474,0.010433914778482125,0.008346928754414824
160,Brett Perriman,1988,1997,2-52,TOT,NFL,153,116,708,525,6589,12.55,30,43.1,,,0.15789473684210525,0.0427380533051544,0.03468208092485549,0.00025803368303555326,0.00020076692628992737
161,Michael Haynes,1988,1997,7-166,TOT,NFL,147,113,567,428,6588,15.39,47,44.8,,,0.078125,0.04267934718797699,0.1329479768786127,0.000274313656486805,0.0003775360653957111
162,Heath Miller,2005,2015,1-30,PIT,NFL,168,167,825,592,6569,11.10,45,39.1,71.8%,7.96,0.21299342105263158,0.041563930961606196,0.12138728323699421,0.08707673621239581,9.784197298338523e-05
163,Doug Baldwin,2011,2018,,SEA,NFL,123,90,722,493,6563,13.31,49,53.4,68.3%,9.09,0.13157894736842105,0.04121169425854174,0.14450867052023122,0.08280046289433289,0.00018421808975777997
164,Henry Marshall,1976,1987,3-79,KAN,NFL,165,135,,416,6545,15.73,33,39.7,,,0.06825657894736842,0.040154984149348365,0.05202312138728324,0.5076176722344694,0.4997829131224431
165,Dante Lavelli*,1946,1956,12-103,CLE,TOT,123,104,,386,6488,16.81,62,52.7,,,0.04358552631578947,0.036808735470236,0.21965317919075145,0.4709639009367872,0.4954258877630267
166,Ricky Sanders,1986,1995,1-16,TOT,NFL,134,66,302,483,6477,13.41,37,48.3,,,0.12335526315789473,0.03616296818128449,0.07514450867052024,0.0013061022417952782,0.0011287768429108652
167,Del Shofner,1957,1967,1-11,TOT,NFL,125,103,,349,6470,18.54,51,51.8,,,0.013157894736842105,0.03575202536104262,0.15606936416184972,0.42575758300297917,0.4940499850179479
168,Mike Quick,1982,1990,1-20,PHI,NFL,101,90,,363,6464,17.81,61,64.0,,,0.024671052631578948,0.03539978865797816,0.2138728323699422,0.44286267627523085,0.49359135076958827
169,Quinn Early,1988,1999,3-60,TOT,NFL,179,123,654,460,6448,14.02,40,36.0,,,0.10444078947368421,0.034460490783139605,0.09248554913294797,0.00021140824182558325,0.00024302472475259612
170,Sammy White,1976,1985,2-54,MIN,NFL,128,118,,393,6400,16.28,50,50.0,,,0.049342105263157895,0.03164259715862393,0.15028901734104047,0.479516447572913,0.488699252120419
171,Ike Hilliard,1997,2008,1-7,TOT,NFL,161,106,905,546,6397,11.72,35,39.7,60.3%,7.07,0.17516447368421054,0.0314664788070917,0.06358381502890173,0.07302612388161764,2.9811226143375225e-05
172,Carlos Carson,1980,1989,5-114,TOT,NFL,126,92,,353,6372,18.05,33,50.6,,,0.01644736842105263,0.02999882587765645,0.05202312138728324,0.43064475250933676,0.48655895896140744
173,Troy Brown,1993,2007,8-198,NWE,NFL,192,70,846,557,6366,11.43,31,33.2,65.8%,7.52,0.18421052631578946,0.02964658917459199,0.04046242774566474,0.07974598195285938,6.420879477034653e-05
174,Max McGee,1954,1967,5-51,GNB,NFL,148,110,,345,6346,18.39,50,42.9,,,0.009868421052631578,0.028472466831043795,0.15028901734104047,0.4208704134966215,0.4845715438851824
175,Stephone Paige,1983,1991,,KAN,NFL,125,81,,377,6341,16.82,49,50.7,,,0.03618421052631579,0.028178936245156744,0.14450867052023122,0.45996776954748253,0.48418934867821606
176,Haywood Jeffires,1987,1996,1-20,TOT,NFL,132,102,509,535,6334,11.84,50,48.0,,,0.16611842105263158,0.027767993424914875,0.15028901734104047,0.0006362457765678787,0.0004405952352905424
177,Steve Jordan,1982,1994,7-179,MIN,NFL,176,149,121,498,6307,12.66,28,35.8,,,0.1356907894736842,0.02618292826112481,0.023121387283236993,0.004380577486842775,0.003473693270165289
178,Sean Dawkins,1993,2001,1-16,TOT,NFL,140,109,817,445,6291,14.14,25,44.9,54.5%,7.70,0.09210526315789473,0.025243630386286253,0.005780346820809248,0.06593972809739909,7.796782222113512e-05
179,Alfred Jenkins,1975,1983,,ATL,NFL,110,110,,360,6267,17.41,40,57.0,,,0.022203947368421052,0.023834683574028414,0.09248554913294797,0.4391972991454626,0.4785328596151141
180,Darnay Scott,1994,2002,2-30,TOT,NFL,124,104,776,408,6193,15.18,37,49.9,52.6%,7.98,0.061677631578947366,0.01949043090290008,0.07514450867052024,0.06361832258187922,9.937075381125066e-05
181,Alshon Jeffery,2012,2018,2-45,TOT,NFL,92,85,741,426,6181,14.51,41,67.2,57.5%,8.34,0.07648026315789473,0.018785957496771165,0.09826589595375723,0.06960510522716731,0.0001268888087128277
182,Jeremy Shockey,2002,2011,1-14,TOT,NFL,136,129,884,547,6143,11.23,37,45.2,61.9%,6.95,0.17598684210526316,0.01655512504402959,0.07514450867052024,0.0749809916841607,2.0638541176182854e-05
183,Eddie Brown,1985,1991,1-13,CIN,NFL,102,99,,363,6134,16.90,41,60.1,,,0.024671052631578948,0.0160267699894329,0.09826589595375723,0.44286267627523085,0.4683664671098093
184,Steve Watson,1979,1987,,DEN,NFL,126,87,,353,6112,17.31,36,48.5,,,0.01644736842105263,0.01473523541152988,0.06936416184971098,0.43064475250933676,0.4666848081991573
185,Mike Evans,2014,2018,1-7,TAM,NFL,77,76,717,395,6103,15.45,40,79.3,55.1%,8.51,0.05098684210526316,0.014206880356933193,0.09248554913294797,0.06667280352335274,0.00013988344574968354
186,Ronnie Harmon,1986,1997,1-16,TOT,NFL,181,27,462,582,6076,10.44,24,33.6,,,0.20476973684210525,0.012621815193143126,0.0,0.0008911846191098675,0.0004946764145438388
187,Red Phillips,1958,1967,1-5,TOT,NFL,119,104,,401,6044,15.07,34,50.8,,,0.05592105263157895,0.010743219443466009,0.057803468208092484,0.48929078658562825,0.461486953384415
188,Lenny Moore*,1956,1967,1-9,CLT,NFL,143,118,,363,6039,16.64,48,42.2,,,0.024671052631578948,0.01044968885757896,0.13872832369942195,0.44286267627523085,0.4611047581774486
189,Santonio Holmes,2006,2014,1-25,TOT,NFL,112,91,734,389,6030,15.50,36,53.8,53.0%,8.22,0.046052631578947366,0.00992133380298227,0.06936416184971098,0.06410703953251498,0.0001177161237456354
190,Louis Lipps,1984,1992,1-23,TOT,NFL,110,98,1,359,6019,16.77,39,54.7,,,0.02138157894736842,0.009275566514030761,0.08670520231213873,0.4379755067688732,0.4595759773495832
191,Jack Snow,1965,1975,1-8 7-54AFL,RAM,NFL,150,139,,340,6012,17.68,45,40.1,,,0.005756578947368421,0.008864623693788893,0.12138728323699421,0.4147614516136745,0.45904090405983033
192,Lee Evans,2004,2011,1-13,TOT,NFL,118,104,724,381,6008,15.77,43,50.9,52.6%,8.30,0.039473684210526314,0.008629799225079253,0.10982658959537572,0.06361832258187922,0.00012383124705709698
193,Sonny Randle,1959,1968,19-218,TOT,NFL,122,95,,365,5996,16.43,65,49.1,,,0.02631578947368421,0.007925325818950335,0.23699421965317918,0.44530626102840964,0.45781787939753804
194,Brandon Lloyd,2003,2014,4-124,TOT,NFL,142,91,831,399,5989,15.01,36,42.2,48.0%,7.21,0.054276315789473686,0.007514382998708466,0.06936416184971098,0.05799807764956795,4.051269193843296e-05
195,Bobby Joe Conrad,1958,1969,5-58,TOT,NFL,156,135,,422,5902,13.99,38,37.8,,,0.07319078947368421,0.0024069508042738053,0.08092485549132948,0.5149484264940059,0.4506326095065707
196,Billy Wilson,1951,1960,22-283,SFO,NFL,103,95,,407,5902,14.50,49,57.3,,,0.06085526315789474,0.0024069508042738053,0.14450867052023122,0.4966215408451647,0.4506326095065707
197,Ben Watson,2004,2018,1-32,TOT,NFL,195,135,836,530,5885,11.10,44,30.2,63.4%,7.04,0.16200657894736842,0.0014089468122578373,0.11560693641618497,0.07681368024904481,2.7518054901577116e-05
198,Todd Christensen,1979,1988,2-56,TOT,NFL,137,90,,461,5872,12.74,41,42.9,,,0.10526315789473684,0.0006457672889515088,0.09826589595375723,0.5625983291809926,0.44833943826477257
199,Todd Heap,2001,2012,1-31,TOT,NFL,145,131,817,499,5869,11.76,42,40.5,61.1%,7.18,0.13651315789473684,0.0004696489374192791,0.10404624277456648,0.07400355778288917,3.821952069663485e-05
200,James Jones,2007,2015,3-78,TOT,NFL,136,72,716,433,5861,13.54,51,43.1,60.5%,8.19,0.08223684210526316,0.0,0.15606936416184972,0.07327048235693552,0.00011542295250383723
